INSERT INTO user (id, username, password, name)
VALUES (1, 'mjordan@gmail.com', '{bcrypt}$2y$12$putkufw4WFK1XrZv1Za/jOdb1z.F.J9M37VidmaxAclCauk4HMdhm',
        'Michael Jordan'),
       (2, 'mjackson@gmail.com', '{bcrypt}$2y$12$putkufw4WFK1XrZv1Za/jOdb1z.F.J9M37VidmaxAclCauk4HMdhm',
        'Michael Jackson'),
       (3, 'mscott@gmail.com', '{bcrypt}$2y$12$putkufw4WFK1XrZv1Za/jOdb1z.F.J9M37VidmaxAclCauk4HMdhm', 'Michael Scott'),
       (4, 'asab@gmail.com', '{bcrypt}$2y$12$putkufw4WFK1XrZv1Za/jOdb1z.F.J9M37VidmaxAclCauk4HMdhm', 'Arvydas Sabonis'),
       (5, 'tsab@gmail.com', '{bcrypt}$2y$12$putkufw4WFK1XrZv1Za/jOdb1z.F.J9M37VidmaxAclCauk4HMdhm',
        'Tautvydas Sabonis'),
       (6, 'dsab@gmail.com', '{bcrypt}$2y$12$putkufw4WFK1XrZv1Za/jOdb1z.F.J9M37VidmaxAclCauk4HMdhm',
        'Domantas Sabonis'),
       (7, 'am@gmail.com', '{bcrypt}$2y$12$putkufw4WFK1XrZv1Za/jOdb1z.F.J9M37VidmaxAclCauk4HMdhm',
        'Arvydas Macijauskas'),
       (8, 'manp@gmail.com', '{bcrypt}$2y$12$putkufw4WFK1XrZv1Za/jOdb1z.F.J9M37VidmaxAclCauk4HMdhm',
        'Mantas Petruškevičius'),
       (9, 'god@gmail.com', '{bcrypt}$2y$12$putkufw4WFK1XrZv1Za/jOdb1z.F.J9M37VidmaxAclCauk4HMdhm','Goda Sabutytė-Alijeva'),
       (10, 'kar@gmail.com', '{bcrypt}$2y$12$putkufw4WFK1XrZv1Za/jOdb1z.F.J9M37VidmaxAclCauk4HMdhm', 'Karina Krysko'),
       (11, 'lk@gmail.com', '{bcrypt}$2y$12$putkufw4WFK1XrZv1Za/jOdb1z.F.J9M37VidmaxAclCauk4HMdhm', 'Linas Karalius'),
       (12, 'id@gmail.com', '{bcrypt}$2y$12$putkufw4WFK1XrZv1Za/jOdb1z.F.J9M37VidmaxAclCauk4HMdhm','Ingeborga Dapkūnaitė'),
       (13, 'ival@gmail.com', '{bcrypt}$2y$12$putkufw4WFK1XrZv1Za/jOdb1z.F.J9M37VidmaxAclCauk4HMdhm','Inga Valinskienė'),
       (14, 'aval@gmail.com', '{bcrypt}$2y$12$putkufw4WFK1XrZv1Za/jOdb1z.F.J9M37VidmaxAclCauk4HMdhm','Arūnas Valinskas'),
       (15, 'sjas@gmail.com', '{bcrypt}$2y$12$putkufw4WFK1XrZv1Za/jOdb1z.F.J9M37VidmaxAclCauk4HMdhm','Šarūnas Jasikevičius'),
       (16, 'smar@gmail.com', '{bcrypt}$2y$12$putkufw4WFK1XrZv1Za/jOdb1z.F.J9M37VidmaxAclCauk4HMdhm','Šarūnas Marčiulionis'),
       (17, 'mantas@gmail.com', '{bcrypt}$2y$12$putkufw4WFK1XrZv1Za/jOdb1z.F.J9M37VidmaxAclCauk4HMdhm','Mantas Jankavičius'),
       (18, 'jankis@gmail.com', '{bcrypt}$2y$12$putkufw4WFK1XrZv1Za/jOdb1z.F.J9M37VidmaxAclCauk4HMdhm','Justinas Jankevičius'),
       (19, 'vikcmi@gmail.com', '{bcrypt}$2y$12$putkufw4WFK1XrZv1Za/jOdb1z.F.J9M37VidmaxAclCauk4HMdhm','Viktorija Čmilytė Nielsen'),
       (20, 'rosita@gmail.com', '{bcrypt}$2y$12$putkufw4WFK1XrZv1Za/jOdb1z.F.J9M37VidmaxAclCauk4HMdhm', 'Rosita Čivilytė'),
       (21, 'simonyte@gmail.com', '{bcrypt}$2y$12$putkufw4WFK1XrZv1Za/jOdb1z.F.J9M37VidmaxAclCauk4HMdhm','Ingrida Šimonytė'),
       (22, 'aa@gmail.com', '{bcrypt}$2y$12$putkufw4WFK1XrZv1Za/jOdb1z.F.J9M37VidmaxAclCauk4HMdhm','Aušrinė Armonaitė'),
       (23, 'ks@gmail.com', '{bcrypt}$2y$12$putkufw4WFK1XrZv1Za/jOdb1z.F.J9M37VidmaxAclCauk4HMdhm','Kasabas Sabutsabersab'),
       (24, 'ss@gmail.com', '{bcrypt}$2y$12$putkufw4WFK1XrZv1Za/jOdb1z.F.J9M37VidmaxAclCauk4HMdhm', 'Sabina Sabinienė'),
       (25, 'user', '{bcrypt}$2y$12$putkufw4WFK1XrZv1Za/jOdb1z.F.J9M37VidmaxAclCauk4HMdhm', 'Šarūnas Verbus'),
        (26, 'klajumas@gmail.com', '{bcrypt}$2y$12$putkufw4WFK1XrZv1Za/jOdb1z.F.J9M37VidmaxAclCauk4HMdhm', 'Dominykas Klajumas'),
       (27, 'patarakas@gmail.com', '{bcrypt}$2y$12$putkufw4WFK1XrZv1Za/jOdb1z.F.J9M37VidmaxAclCauk4HMdhm', 'Mantas Patarakas'),
       (28, 'beata@gmail.com', '{bcrypt}$2y$12$putkufw4WFK1XrZv1Za/jOdb1z.F.J9M37VidmaxAclCauk4HMdhm', 'Beata Tiškėvič'),
        (29, 'airidas@gmail.com', '{bcrypt}$2y$12$putkufw4WFK1XrZv1Za/jOdb1z.F.J9M37VidmaxAclCauk4HMdhm', 'Airidas Jankus');

INSERT INTO role (id, role_name)
VALUES (1, 'USER'),
       (2, 'ADMIN');

INSERT INTO user_role (user_id, role_id)
VALUES (1, 1),
       (2, 1),
       (3, 1),
       (4, 1),
       (5, 1),
       (6, 1),
       (7, 1),
       (8, 1),
       (9, 1),
       (10, 1),
       (11, 1),
       (12, 1),
       (13, 1),
       (14, 1),
       (15, 1),
       (16, 1),
       (17, 1),
       (18, 1),
       (19, 1),
       (20, 1),
       (21, 1),
       (22, 1),
       (23, 1),
       (24, 1),
       (25, 1),
       (25, 2),
       (26, 1),
       (27, 1),
       (28, 1),
       (29, 1);

INSERT INTO totalisator (id, title, manager_id)
VALUES (1, 'CodeAcademy Totalisator 2021', 13),
       (2, 'WorldCup 21 Uber Staff Totalisator', 14),
       (3, 'Šeškinės Ultros', 25),
       (4, 'PVŠ', 29),
       (5, 'Humoro Klubo Totalizatorius', 18);


INSERT INTO user_totalisator (user_id, totalisator_id)
VALUES (25, 1),
       (25, 3),
       (13, 1),
       (14, 2),
       (18, 3),
       (18, 4),
       (18, 5),
       (17, 5),
       (26, 5),
       (27, 5),
       (9,  5),
       (15, 5);

INSERT INTO friendship (id, requester_id, receiver_id, is_accepted)
VALUES (1, 18, 17, true),
       (2, 18, 26, true),
       (4, 18, 29, true),
       (5, 18, 10, true),
       (6, 18, 9, true),
        (7, 18, 1, false),
        (8, 18, 2, false),
        (9, 18, 3, false),
       (10, 18, 15, true),
       (11, 14, 18, false),
       (12, 13, 18, false),
       (13, 18, 27, true);

INSERT INTO league (entity_id, country_name, id, name)
VALUES(1, 'Lithuania', 9001, 'Oldman Brainlessman League');

INSERT INTO team (img, entity_id, id, name, short_code)
VALUES ('https://cdn.iconscout.comicon/free/png-256/lithuania-map-country-location-nation-navigation-1-9833.png',
        1, 9001, 'Neringos Lapės', 'NLP'),
       ('https://cdn.iconscout.comicon/free/png-256/lithuania-map-country-location-nation-navigation-1-9833.png',
        2, 9002, 'Labanoro Vilkai', 'LBV'),
       ('https://cdn.iconscout.comicon/free/png-256/lithuania-map-country-location-nation-navigation-1-9833.png',
        3, 9003, 'Zarasų Briedžiai', 'ZBR'),
       ('https://cdn.iconscout.comicon/free/png-256/lithuania-map-country-location-nation-navigation-1-9833.png',
        4, 9004, 'Sostinės Lašišos', 'SLŠ'),
       ('https://cdn.iconscout.comicon/free/png-256/lithuania-map-country-location-nation-navigation-1-9833.png',
        5, 9005, 'Žemaitėjės Žvirgždas', 'ŽŽŽ'),
       ('https://cdn.iconscout.comicon/free/png-256/lithuania-map-country-location-nation-navigation-1-9833.png',
        6, 9006, 'Palangos Plekšnės', 'PPL'),
       ('https://cdn.iconscout.comicon/free/png-256/lithuania-map-country-location-nation-navigation-1-9833.png',
        7, 9007, 'Kauno Bachūrai', 'KBX'),
       ('https://cdn.iconscout.comicon/free/png-256/lithuania-map-country-location-nation-navigation-1-9833.png',
        8, 9008, 'Molėtų Musės', 'MMS');

INSERT INTO soccer_match (entity_id,
                          status_name,
                          home_score,
                          away_score,
                          date,
                          fifa_id,

                          away_team_entity_id,
                          home_team_entity_id,

                          league_entity_id,
                          totalisator_id)
VALUES
       (1, 'Finished', 5, 4, '2021-01-10 18:00:00', 9000001, 1, 2, 1, 5),
       (2, 'Finished', 2, 1, '2021-01-11 18:00:00', 9000002, 3, 4, 1, 5),
       (3, 'Finished', 2, 2, '2021-01-12 19:00:00', 9000003, 5, 6, 1, 5),
       (4, 'Finished', 0, 0, '2021-01-13 17:00:00', 9000004, 7, 8, 1, 5);

INSERT INTO prediction (match_entity_id, away_score, home_score,user_id)
VALUES (1, 3, 1, 18),
       (2, 2, 2, 18),
       (3, 2, 2, 18),
       (4, 1, 0, 18),

       (1, 1, 4, 17),
       (2, 2, 3, 17),
       (3, 4, 3, 17),
       (4, 2, 1, 17),

       (1, 1, 3, 26),
       (2, 2, 1, 26),
       (3, 0, 1, 26),
       (4, 1, 0, 26),

       (1, 5, 2, 27),
       (2, 1, 1, 27),
       (3, 0, 0, 27),
       (4, 4, 0, 27),

       (1, 6, 9, 9),
       (2, 0, 0, 9),
       (3, 0, 0, 9),
       (4, 0, 0, 9),

       (1, 1, 3, 15),
       (2, 3, 1, 15),
       (3, 1, 2, 15),
       (4, 1, 0, 15);

